effects	r_sq	p
rounds	0.20553946548771693	1e-4
polymerase	0.1983832112886907	1e-4
