effects	r_sq	p
subject	0.7928065820356281	1e-4
rounds	0.043797529132620035	1e-4
polymerase	0.03309922677087801	1e-4
